{
  "project_info": {
    "project_number": "596955611433",
    "firebase_url": "https://trash-cleanup-1.firebaseio.com",
    "project_id": "trash-cleanup-1",
    "storage_bucket": "trash-cleanup-1.appspot.com"
  },
  "client": [
    {
      "client_info": {
        "mobilesdk_app_id": "1:596955611433:android:5827a87893196fea367738",
        "android_client_info": {
          "package_name": "com.timwan.trash_cleanup_app"
        }
      },
      "oauth_client": [
        {
          "client_id": "596955611433-dhi91p5pjejbn617nno8i892hukr6hoo.apps.googleusercontent.com",
          "client_type": 3
        }
      ],
      "api_key": [
        {
          "current_key": "AIzaSyD53Paro64dZwQU44hFp7PObBK_Cbd4e-8"
        }
      ],
      "services": {
        "appinvite_service": {
          "other_platform_oauth_client": [
            {
              "client_id": "596955611433-dhi91p5pjejbn617nno8i892hukr6hoo.apps.googleusercontent.com",
              "client_type": 3
            }
          ]
        }
      }
    }
  ],
  "configuration_version": "1"
}